acupoint_iri,acupoint_label,special_point_iri,special_point,special_point_category_iri,special_point_category
http://www.acupunctureresearch.org/tara/ontology/TARA_7734076,BL 66,http://www.acupunctureresearch.org/tara/ontology/TARA_9857829,Ying-Spring Point,http://www.acupunctureresearch.org/tara/ontology/TARA_4943316,Special Point on the Limbs
http://www.acupunctureresearch.org/tara/ontology/TARA_3283628,BL 20,http://www.acupunctureresearch.org/tara/ontology/TARA_0077876,Back-Shu Point of the Spleen,http://www.acupunctureresearch.org/tara/ontology/TARA_3861175,Back-Shu Point
http://www.acupunctureresearch.org/tara/ontology/TARA_7734076,BL 66,http://www.acupunctureresearch.org/tara/ontology/TARA_9857829,Ying-Spring Point,http://www.acupunctureresearch.org/tara/ontology/TARA_1787498,Shu Point
http://www.acupunctureresearch.org/tara/ontology/TARA_3963382,BL 22,http://www.acupunctureresearch.org/tara/ontology/TARA_4567959,Back-Shu Point of Triple Energizer,http://www.acupunctureresearch.org/tara/ontology/TARA_2614885,Special Point on the Head and Trunk
http://www.acupunctureresearch.org/tara/ontology/TARA_3283628,BL 20,http://www.acupunctureresearch.org/tara/ontology/TARA_0077876,Back-Shu Point of the Spleen,http://www.acupunctureresearch.org/tara/ontology/TARA_2614885,Special Point on the Head and Trunk
http://www.acupunctureresearch.org/tara/ontology/TARA_2186848,BL 39,http://www.acupunctureresearch.org/tara/ontology/TARA_1160697,Lower He-Sea Point of Triple Energizer,http://www.acupunctureresearch.org/tara/ontology/TARA_1787498,Shu Point
http://www.acupunctureresearch.org/tara/ontology/TARA_2186848,BL 39,http://www.acupunctureresearch.org/tara/ontology/TARA_1160697,Lower He-Sea Point of Triple Energizer,http://www.acupunctureresearch.org/tara/ontology/TARA_4830205,Lower He-Sea Point
http://www.acupunctureresearch.org/tara/ontology/TARA_2186848,BL 39,http://www.acupunctureresearch.org/tara/ontology/TARA_1160697,Lower He-Sea Point of Triple Energizer,http://www.acupunctureresearch.org/tara/ontology/TARA_6594221,He-Sea Point
http://www.acupunctureresearch.org/tara/ontology/TARA_2186848,BL 39,http://www.acupunctureresearch.org/tara/ontology/TARA_1160697,Lower He-Sea Point of Triple Energizer,http://www.acupunctureresearch.org/tara/ontology/TARA_4943316,Special Point on the Limbs
http://www.acupunctureresearch.org/tara/ontology/TARA_5318530,BL 28,http://www.acupunctureresearch.org/tara/ontology/TARA_6484209,Back-Shu Point of the Bladder,http://www.acupunctureresearch.org/tara/ontology/TARA_3861175,Back-Shu Point
http://www.acupunctureresearch.org/tara/ontology/TARA_4995021,BL 59,http://www.acupunctureresearch.org/tara/ontology/TARA_2041266,Xi-Cleft Point of the Yang Heel Vessel,http://www.acupunctureresearch.org/tara/ontology/TARA_4943316,Special Point on the Limbs
http://www.acupunctureresearch.org/tara/ontology/TARA_5797983,BL 15,http://www.acupunctureresearch.org/tara/ontology/TARA_3566953,Back-Shu Point of the Heart,http://www.acupunctureresearch.org/tara/ontology/TARA_2614885,Special Point on the Head and Trunk
http://www.acupunctureresearch.org/tara/ontology/TARA_5318530,BL 28,http://www.acupunctureresearch.org/tara/ontology/TARA_6484209,Back-Shu Point of the Bladder,http://www.acupunctureresearch.org/tara/ontology/TARA_2614885,Special Point on the Head and Trunk
http://www.acupunctureresearch.org/tara/ontology/TARA_4839095,BL 21,http://www.acupunctureresearch.org/tara/ontology/TARA_1503026,Back-Shu Point of the Stomach,http://www.acupunctureresearch.org/tara/ontology/TARA_2614885,Special Point on the Head and Trunk
http://www.acupunctureresearch.org/tara/ontology/TARA_3963382,BL 22,http://www.acupunctureresearch.org/tara/ontology/TARA_4567959,Back-Shu Point of Triple Energizer,http://www.acupunctureresearch.org/tara/ontology/TARA_3861175,Back-Shu Point
http://www.acupunctureresearch.org/tara/ontology/TARA_4995021,BL 59,http://www.acupunctureresearch.org/tara/ontology/TARA_2041266,Xi-Cleft Point of the Yang Heel Vessel,http://www.acupunctureresearch.org/tara/ontology/TARA_4598552,Xi-Cleft Point
http://www.acupunctureresearch.org/tara/ontology/TARA_4839095,BL 21,http://www.acupunctureresearch.org/tara/ontology/TARA_1503026,Back-Shu Point of the Stomach,http://www.acupunctureresearch.org/tara/ontology/TARA_3861175,Back-Shu Point
http://www.acupunctureresearch.org/tara/ontology/TARA_0906448,BL 25,http://www.acupunctureresearch.org/tara/ontology/TARA_5884126,Back-Shu Point of the Large Intestine,http://www.acupunctureresearch.org/tara/ontology/TARA_3861175,Back-Shu Point
http://www.acupunctureresearch.org/tara/ontology/TARA_0906448,BL 25,http://www.acupunctureresearch.org/tara/ontology/TARA_5884126,Back-Shu Point of the Large Intestine,http://www.acupunctureresearch.org/tara/ontology/TARA_2614885,Special Point on the Head and Trunk
http://www.acupunctureresearch.org/tara/ontology/TARA_0992296,BL 23,http://www.acupunctureresearch.org/tara/ontology/TARA_2432731,Back-Shu Point of the Kidney,http://www.acupunctureresearch.org/tara/ontology/TARA_3861175,Back-Shu Point
http://www.acupunctureresearch.org/tara/ontology/TARA_0992296,BL 23,http://www.acupunctureresearch.org/tara/ontology/TARA_2432731,Back-Shu Point of the Kidney,http://www.acupunctureresearch.org/tara/ontology/TARA_2614885,Special Point on the Head and Trunk
http://www.acupunctureresearch.org/tara/ontology/TARA_5047947,BL 60,http://www.acupunctureresearch.org/tara/ontology/TARA_7315457,Jing-River Point,http://www.acupunctureresearch.org/tara/ontology/TARA_1787498,Shu Point
http://www.acupunctureresearch.org/tara/ontology/TARA_5047947,BL 60,http://www.acupunctureresearch.org/tara/ontology/TARA_7315457,Jing-River Point,http://www.acupunctureresearch.org/tara/ontology/TARA_4943316,Special Point on the Limbs
http://www.acupunctureresearch.org/tara/ontology/TARA_7218725,BL 67,http://www.acupunctureresearch.org/tara/ontology/TARA_2954517,Jing-Well Point,http://www.acupunctureresearch.org/tara/ontology/TARA_4943316,Special Point on the Limbs
http://www.acupunctureresearch.org/tara/ontology/TARA_7218725,BL 67,http://www.acupunctureresearch.org/tara/ontology/TARA_2954517,Jing-Well Point,http://www.acupunctureresearch.org/tara/ontology/TARA_1787498,Shu Point
http://www.acupunctureresearch.org/tara/ontology/TARA_4995021,BL 59,http://www.acupunctureresearch.org/tara/ontology/TARA_4598552,Xi-Cleft Point,http://www.acupunctureresearch.org/tara/ontology/TARA_4943316,Special Point on the Limbs
http://www.acupunctureresearch.org/tara/ontology/TARA_1124682,BL 17,http://www.acupunctureresearch.org/tara/ontology/TARA_9763906,Influential Point of Blood,http://www.acupunctureresearch.org/tara/ontology/TARA_7010544,Influential Point
http://www.acupunctureresearch.org/tara/ontology/TARA_1985889,BL 11,http://www.acupunctureresearch.org/tara/ontology/TARA_9719785,Influential Point of Bone,http://www.acupunctureresearch.org/tara/ontology/TARA_7010544,Influential Point
http://www.acupunctureresearch.org/tara/ontology/TARA_8435800,BL 63,http://www.acupunctureresearch.org/tara/ontology/TARA_4598552,Xi-Cleft Point,http://www.acupunctureresearch.org/tara/ontology/TARA_4943316,Special Point on the Limbs
http://www.acupunctureresearch.org/tara/ontology/TARA_2186848,BL 39,http://www.acupunctureresearch.org/tara/ontology/TARA_6594221,He-Sea Point,http://www.acupunctureresearch.org/tara/ontology/TARA_4943316,Special Point on the Limbs
http://www.acupunctureresearch.org/tara/ontology/TARA_5290080,BL 40,http://www.acupunctureresearch.org/tara/ontology/TARA_6594221,He-Sea Point,http://www.acupunctureresearch.org/tara/ontology/TARA_4943316,Special Point on the Limbs
http://www.acupunctureresearch.org/tara/ontology/TARA_2186848,BL 39,http://www.acupunctureresearch.org/tara/ontology/TARA_6594221,He-Sea Point,http://www.acupunctureresearch.org/tara/ontology/TARA_1787498,Shu Point
http://www.acupunctureresearch.org/tara/ontology/TARA_5290080,BL 40,http://www.acupunctureresearch.org/tara/ontology/TARA_6594221,He-Sea Point,http://www.acupunctureresearch.org/tara/ontology/TARA_1787498,Shu Point
http://www.acupunctureresearch.org/tara/ontology/TARA_0992296,BL 23,http://www.acupunctureresearch.org/tara/ontology/TARA_3861175,Back-Shu Point,http://www.acupunctureresearch.org/tara/ontology/TARA_2614885,Special Point on the Head and Trunk
http://www.acupunctureresearch.org/tara/ontology/TARA_5318530,BL 28,http://www.acupunctureresearch.org/tara/ontology/TARA_3861175,Back-Shu Point,http://www.acupunctureresearch.org/tara/ontology/TARA_2614885,Special Point on the Head and Trunk
http://www.acupunctureresearch.org/tara/ontology/TARA_2186848,BL 39,http://www.acupunctureresearch.org/tara/ontology/TARA_4830205,Lower He-Sea Point,http://www.acupunctureresearch.org/tara/ontology/TARA_4943316,Special Point on the Limbs
http://www.acupunctureresearch.org/tara/ontology/TARA_6050541,BL 13,http://www.acupunctureresearch.org/tara/ontology/TARA_3861175,Back-Shu Point,http://www.acupunctureresearch.org/tara/ontology/TARA_2614885,Special Point on the Head and Trunk
http://www.acupunctureresearch.org/tara/ontology/TARA_3283628,BL 20,http://www.acupunctureresearch.org/tara/ontology/TARA_3861175,Back-Shu Point,http://www.acupunctureresearch.org/tara/ontology/TARA_2614885,Special Point on the Head and Trunk
http://www.acupunctureresearch.org/tara/ontology/TARA_9655874,BL 18,http://www.acupunctureresearch.org/tara/ontology/TARA_3861175,Back-Shu Point,http://www.acupunctureresearch.org/tara/ontology/TARA_2614885,Special Point on the Head and Trunk
http://www.acupunctureresearch.org/tara/ontology/TARA_5797983,BL 15,http://www.acupunctureresearch.org/tara/ontology/TARA_3861175,Back-Shu Point,http://www.acupunctureresearch.org/tara/ontology/TARA_2614885,Special Point on the Head and Trunk
http://www.acupunctureresearch.org/tara/ontology/TARA_0906448,BL 25,http://www.acupunctureresearch.org/tara/ontology/TARA_3861175,Back-Shu Point,http://www.acupunctureresearch.org/tara/ontology/TARA_2614885,Special Point on the Head and Trunk
http://www.acupunctureresearch.org/tara/ontology/TARA_5047947,BL 60,http://www.acupunctureresearch.org/tara/ontology/TARA_1787498,Shu Point,http://www.acupunctureresearch.org/tara/ontology/TARA_4943316,Special Point on the Limbs
http://www.acupunctureresearch.org/tara/ontology/TARA_5290080,BL 40,http://www.acupunctureresearch.org/tara/ontology/TARA_1787498,Shu Point,http://www.acupunctureresearch.org/tara/ontology/TARA_4943316,Special Point on the Limbs
http://www.acupunctureresearch.org/tara/ontology/TARA_7430197,BL 65,http://www.acupunctureresearch.org/tara/ontology/TARA_1787498,Shu Point,http://www.acupunctureresearch.org/tara/ontology/TARA_4943316,Special Point on the Limbs
http://www.acupunctureresearch.org/tara/ontology/TARA_7218725,BL 67,http://www.acupunctureresearch.org/tara/ontology/TARA_1787498,Shu Point,http://www.acupunctureresearch.org/tara/ontology/TARA_4943316,Special Point on the Limbs
http://www.acupunctureresearch.org/tara/ontology/TARA_2186848,BL 39,http://www.acupunctureresearch.org/tara/ontology/TARA_4830205,Lower He-Sea Point,http://www.acupunctureresearch.org/tara/ontology/TARA_6594221,He-Sea Point
http://www.acupunctureresearch.org/tara/ontology/TARA_2186848,BL 39,http://www.acupunctureresearch.org/tara/ontology/TARA_4830205,Lower He-Sea Point,http://www.acupunctureresearch.org/tara/ontology/TARA_1787498,Shu Point
http://www.acupunctureresearch.org/tara/ontology/TARA_7734076,BL 66,http://www.acupunctureresearch.org/tara/ontology/TARA_1787498,Shu Point,http://www.acupunctureresearch.org/tara/ontology/TARA_4943316,Special Point on the Limbs
http://www.acupunctureresearch.org/tara/ontology/TARA_2186848,BL 39,http://www.acupunctureresearch.org/tara/ontology/TARA_1787498,Shu Point,http://www.acupunctureresearch.org/tara/ontology/TARA_4943316,Special Point on the Limbs
http://www.acupunctureresearch.org/tara/ontology/TARA_6929444,BL 27,http://www.acupunctureresearch.org/tara/ontology/TARA_8784353,Back-Shu Point of the Small Intestine,http://www.acupunctureresearch.org/tara/ontology/TARA_3861175,Back-Shu Point
http://www.acupunctureresearch.org/tara/ontology/TARA_6145687,BL 19,http://www.acupunctureresearch.org/tara/ontology/TARA_1149283,Back-Shu Point of the Gallbladder,http://www.acupunctureresearch.org/tara/ontology/TARA_3861175,Back-Shu Point
http://www.acupunctureresearch.org/tara/ontology/TARA_9523348,BL 14,http://www.acupunctureresearch.org/tara/ontology/TARA_7805520,Back-Shu Point of the Pericardium,http://www.acupunctureresearch.org/tara/ontology/TARA_3861175,Back-Shu Point
http://www.acupunctureresearch.org/tara/ontology/TARA_6929444,BL 27,http://www.acupunctureresearch.org/tara/ontology/TARA_8784353,Back-Shu Point of the Small Intestine,http://www.acupunctureresearch.org/tara/ontology/TARA_2614885,Special Point on the Head and Trunk
http://www.acupunctureresearch.org/tara/ontology/TARA_6050541,BL 13,http://www.acupunctureresearch.org/tara/ontology/TARA_3278741,Back-Shu Point of the Lung,http://www.acupunctureresearch.org/tara/ontology/TARA_2614885,Special Point on the Head and Trunk
http://www.acupunctureresearch.org/tara/ontology/TARA_5797983,BL 15,http://www.acupunctureresearch.org/tara/ontology/TARA_3566953,Back-Shu Point of the Heart,http://www.acupunctureresearch.org/tara/ontology/TARA_3861175,Back-Shu Point
http://www.acupunctureresearch.org/tara/ontology/TARA_6145687,BL 19,http://www.acupunctureresearch.org/tara/ontology/TARA_1149283,Back-Shu Point of the Gallbladder,http://www.acupunctureresearch.org/tara/ontology/TARA_2614885,Special Point on the Head and Trunk
http://www.acupunctureresearch.org/tara/ontology/TARA_6050541,BL 13,http://www.acupunctureresearch.org/tara/ontology/TARA_3278741,Back-Shu Point of the Lung,http://www.acupunctureresearch.org/tara/ontology/TARA_3861175,Back-Shu Point
http://www.acupunctureresearch.org/tara/ontology/TARA_6145687,BL 19,http://www.acupunctureresearch.org/tara/ontology/TARA_3861175,Back-Shu Point,http://www.acupunctureresearch.org/tara/ontology/TARA_2614885,Special Point on the Head and Trunk
http://www.acupunctureresearch.org/tara/ontology/TARA_6929444,BL 27,http://www.acupunctureresearch.org/tara/ontology/TARA_3861175,Back-Shu Point,http://www.acupunctureresearch.org/tara/ontology/TARA_2614885,Special Point on the Head and Trunk
http://www.acupunctureresearch.org/tara/ontology/TARA_3963382,BL 22,http://www.acupunctureresearch.org/tara/ontology/TARA_3861175,Back-Shu Point,http://www.acupunctureresearch.org/tara/ontology/TARA_2614885,Special Point on the Head and Trunk
http://www.acupunctureresearch.org/tara/ontology/TARA_4839095,BL 21,http://www.acupunctureresearch.org/tara/ontology/TARA_3861175,Back-Shu Point,http://www.acupunctureresearch.org/tara/ontology/TARA_2614885,Special Point on the Head and Trunk
http://www.acupunctureresearch.org/tara/ontology/TARA_9655874,BL 18,http://www.acupunctureresearch.org/tara/ontology/TARA_6904005,Back-Shu Point of the Liver,http://www.acupunctureresearch.org/tara/ontology/TARA_3861175,Back-Shu Point
http://www.acupunctureresearch.org/tara/ontology/TARA_9523348,BL 14,http://www.acupunctureresearch.org/tara/ontology/TARA_7805520,Back-Shu Point of the Pericardium,http://www.acupunctureresearch.org/tara/ontology/TARA_2614885,Special Point on the Head and Trunk
http://www.acupunctureresearch.org/tara/ontology/TARA_9523348,BL 14,http://www.acupunctureresearch.org/tara/ontology/TARA_3861175,Back-Shu Point,http://www.acupunctureresearch.org/tara/ontology/TARA_2614885,Special Point on the Head and Trunk
http://www.acupunctureresearch.org/tara/ontology/TARA_9655874,BL 18,http://www.acupunctureresearch.org/tara/ontology/TARA_6904005,Back-Shu Point of the Liver,http://www.acupunctureresearch.org/tara/ontology/TARA_2614885,Special Point on the Head and Trunk
http://www.acupunctureresearch.org/tara/ontology/TARA_7430197,BL 65,http://www.acupunctureresearch.org/tara/ontology/TARA_6705086,Shu-Stream Point,http://www.acupunctureresearch.org/tara/ontology/TARA_1787498,Shu Point
http://www.acupunctureresearch.org/tara/ontology/TARA_1628341,BL 62,http://www.acupunctureresearch.org/tara/ontology/TARA_9493899,Confluent Point,http://www.acupunctureresearch.org/tara/ontology/TARA_4943316,Special Point on the Limbs
http://www.acupunctureresearch.org/tara/ontology/TARA_7430197,BL 65,http://www.acupunctureresearch.org/tara/ontology/TARA_6705086,Shu-Stream Point,http://www.acupunctureresearch.org/tara/ontology/TARA_4943316,Special Point on the Limbs
http://www.acupunctureresearch.org/tara/ontology/TARA_0471803,BL 64,http://www.acupunctureresearch.org/tara/ontology/TARA_1840369,Yuan-Primary Point,http://www.acupunctureresearch.org/tara/ontology/TARA_4943316,Special Point on the Limbs
http://www.acupunctureresearch.org/tara/ontology/TARA_5362994,BL 58,http://www.acupunctureresearch.org/tara/ontology/TARA_6993030,Luo-Connecting Point,http://www.acupunctureresearch.org/tara/ontology/TARA_4943316,Special Point on the Limbs
http://www.acupunctureresearch.org/tara/ontology/TARA_0022762,CV 3,http://www.acupunctureresearch.org/tara/ontology/TARA_5308180,Front-Mu Point of the Bladder,http://www.acupunctureresearch.org/tara/ontology/TARA_2614885,Special Point on the Head and Trunk
http://www.acupunctureresearch.org/tara/ontology/TARA_3472408,CV 17,http://www.acupunctureresearch.org/tara/ontology/TARA_0220312,Front-Mu Point of the Pericardium,http://www.acupunctureresearch.org/tara/ontology/TARA_8746709,Front-Mu Point
http://www.acupunctureresearch.org/tara/ontology/TARA_0434959,CV 12,http://www.acupunctureresearch.org/tara/ontology/TARA_4230489,Front-Mu Point of the Stomach,http://www.acupunctureresearch.org/tara/ontology/TARA_2614885,Special Point on the Head and Trunk
http://www.acupunctureresearch.org/tara/ontology/TARA_3472408,CV 17,http://www.acupunctureresearch.org/tara/ontology/TARA_9406515,Influential Point of Qi,http://www.acupunctureresearch.org/tara/ontology/TARA_7010544,Influential Point
http://www.acupunctureresearch.org/tara/ontology/TARA_4823591,CV 14,http://www.acupunctureresearch.org/tara/ontology/TARA_6220650,Front-Mu Point of the Heart,http://www.acupunctureresearch.org/tara/ontology/TARA_2614885,Special Point on the Head and Trunk
http://www.acupunctureresearch.org/tara/ontology/TARA_3472408,CV 17,http://www.acupunctureresearch.org/tara/ontology/TARA_0220312,Front-Mu Point of the Pericardium,http://www.acupunctureresearch.org/tara/ontology/TARA_2614885,Special Point on the Head and Trunk
http://www.acupunctureresearch.org/tara/ontology/TARA_0434959,CV 12,http://www.acupunctureresearch.org/tara/ontology/TARA_7083740,Influential Point of the Fu Organs,http://www.acupunctureresearch.org/tara/ontology/TARA_7010544,Influential Point
http://www.acupunctureresearch.org/tara/ontology/TARA_0434959,CV 12,http://www.acupunctureresearch.org/tara/ontology/TARA_4230489,Front-Mu Point of the Stomach,http://www.acupunctureresearch.org/tara/ontology/TARA_8746709,Front-Mu Point
http://www.acupunctureresearch.org/tara/ontology/TARA_0022762,CV 3,http://www.acupunctureresearch.org/tara/ontology/TARA_5308180,Front-Mu Point of the Bladder,http://www.acupunctureresearch.org/tara/ontology/TARA_8746709,Front-Mu Point
http://www.acupunctureresearch.org/tara/ontology/TARA_1205186,CV 5,http://www.acupunctureresearch.org/tara/ontology/TARA_5019725,Front-Mu Point of Triple Energizer,http://www.acupunctureresearch.org/tara/ontology/TARA_8746709,Front-Mu Point
http://www.acupunctureresearch.org/tara/ontology/TARA_1205186,CV 5,http://www.acupunctureresearch.org/tara/ontology/TARA_5019725,Front-Mu Point of Triple Energizer,http://www.acupunctureresearch.org/tara/ontology/TARA_2614885,Special Point on the Head and Trunk
http://www.acupunctureresearch.org/tara/ontology/TARA_0434959,CV 12,http://www.acupunctureresearch.org/tara/ontology/TARA_8746709,Front-Mu Point,http://www.acupunctureresearch.org/tara/ontology/TARA_2614885,Special Point on the Head and Trunk
http://www.acupunctureresearch.org/tara/ontology/TARA_9921528,CV 4,http://www.acupunctureresearch.org/tara/ontology/TARA_8746709,Front-Mu Point,http://www.acupunctureresearch.org/tara/ontology/TARA_2614885,Special Point on the Head and Trunk
http://www.acupunctureresearch.org/tara/ontology/TARA_9921528,CV 4,http://www.acupunctureresearch.org/tara/ontology/TARA_3092014,Front-Mu Point of the Small Intestine,http://www.acupunctureresearch.org/tara/ontology/TARA_2614885,Special Point on the Head and Trunk
http://www.acupunctureresearch.org/tara/ontology/TARA_0022762,CV 3,http://www.acupunctureresearch.org/tara/ontology/TARA_8746709,Front-Mu Point,http://www.acupunctureresearch.org/tara/ontology/TARA_2614885,Special Point on the Head and Trunk
http://www.acupunctureresearch.org/tara/ontology/TARA_1205186,CV 5,http://www.acupunctureresearch.org/tara/ontology/TARA_8746709,Front-Mu Point,http://www.acupunctureresearch.org/tara/ontology/TARA_2614885,Special Point on the Head and Trunk
http://www.acupunctureresearch.org/tara/ontology/TARA_7624267,CV 15,http://www.acupunctureresearch.org/tara/ontology/TARA_6993030,Luo-Connecting Point,http://www.acupunctureresearch.org/tara/ontology/TARA_4943316,Special Point on the Limbs
http://www.acupunctureresearch.org/tara/ontology/TARA_4823591,CV 14,http://www.acupunctureresearch.org/tara/ontology/TARA_8746709,Front-Mu Point,http://www.acupunctureresearch.org/tara/ontology/TARA_2614885,Special Point on the Head and Trunk
http://www.acupunctureresearch.org/tara/ontology/TARA_4823591,CV 14,http://www.acupunctureresearch.org/tara/ontology/TARA_6220650,Front-Mu Point of the Heart,http://www.acupunctureresearch.org/tara/ontology/TARA_8746709,Front-Mu Point
http://www.acupunctureresearch.org/tara/ontology/TARA_9921528,CV 4,http://www.acupunctureresearch.org/tara/ontology/TARA_3092014,Front-Mu Point of the Small Intestine,http://www.acupunctureresearch.org/tara/ontology/TARA_8746709,Front-Mu Point
http://www.acupunctureresearch.org/tara/ontology/TARA_3472408,CV 17,http://www.acupunctureresearch.org/tara/ontology/TARA_8746709,Front-Mu Point,http://www.acupunctureresearch.org/tara/ontology/TARA_2614885,Special Point on the Head and Trunk
http://www.acupunctureresearch.org/tara/ontology/TARA_6714942,GB 35,http://www.acupunctureresearch.org/tara/ontology/TARA_5595374,Xi-Cleft Point of the Yang Link Vessel,http://www.acupunctureresearch.org/tara/ontology/TARA_4598552,Xi-Cleft Point
http://www.acupunctureresearch.org/tara/ontology/TARA_8758950,GB 34,http://www.acupunctureresearch.org/tara/ontology/TARA_6594221,He-Sea Point,http://www.acupunctureresearch.org/tara/ontology/TARA_4943316,Special Point on the Limbs
http://www.acupunctureresearch.org/tara/ontology/TARA_6714942,GB 35,http://www.acupunctureresearch.org/tara/ontology/TARA_5595374,Xi-Cleft Point of the Yang Link Vessel,http://www.acupunctureresearch.org/tara/ontology/TARA_4943316,Special Point on the Limbs
http://www.acupunctureresearch.org/tara/ontology/TARA_6320058,GB 37,http://www.acupunctureresearch.org/tara/ontology/TARA_6993030,Luo-Connecting Point,http://www.acupunctureresearch.org/tara/ontology/TARA_4943316,Special Point on the Limbs
http://www.acupunctureresearch.org/tara/ontology/TARA_3770332,GB 39,http://www.acupunctureresearch.org/tara/ontology/TARA_9924428,Influential Point of the Marrow,http://www.acupunctureresearch.org/tara/ontology/TARA_7010544,Influential Point
http://www.acupunctureresearch.org/tara/ontology/TARA_3668538,GB 41,http://www.acupunctureresearch.org/tara/ontology/TARA_9493899,Confluent Point,http://www.acupunctureresearch.org/tara/ontology/TARA_4943316,Special Point on the Limbs
http://www.acupunctureresearch.org/tara/ontology/TARA_3668538,GB 41,http://www.acupunctureresearch.org/tara/ontology/TARA_6705086,Shu-Stream Point,http://www.acupunctureresearch.org/tara/ontology/TARA_1787498,Shu Point
http://www.acupunctureresearch.org/tara/ontology/TARA_9254368,GB 40,http://www.acupunctureresearch.org/tara/ontology/TARA_1840369,Yuan-Primary Point,http://www.acupunctureresearch.org/tara/ontology/TARA_4943316,Special Point on the Limbs
http://www.acupunctureresearch.org/tara/ontology/TARA_0214009,GB 24,http://www.acupunctureresearch.org/tara/ontology/TARA_4192840,Front-Mu Point of the Gallbladder,http://www.acupunctureresearch.org/tara/ontology/TARA_2614885,Special Point on the Head and Trunk
http://www.acupunctureresearch.org/tara/ontology/TARA_8758950,GB 34,http://www.acupunctureresearch.org/tara/ontology/TARA_2003524,Influential Point of Tendon,http://www.acupunctureresearch.org/tara/ontology/TARA_7010544,Influential Point
http://www.acupunctureresearch.org/tara/ontology/TARA_9968219,GB 38,http://www.acupunctureresearch.org/tara/ontology/TARA_7315457,Jing-River Point,http://www.acupunctureresearch.org/tara/ontology/TARA_4943316,Special Point on the Limbs
http://www.acupunctureresearch.org/tara/ontology/TARA_8758950,GB 34,http://www.acupunctureresearch.org/tara/ontology/TARA_1787498,Shu Point,http://www.acupunctureresearch.org/tara/ontology/TARA_4943316,Special Point on the Limbs
http://www.acupunctureresearch.org/tara/ontology/TARA_6714942,GB 35,http://www.acupunctureresearch.org/tara/ontology/TARA_4598552,Xi-Cleft Point,http://www.acupunctureresearch.org/tara/ontology/TARA_4943316,Special Point on the Limbs
http://www.acupunctureresearch.org/tara/ontology/TARA_6845331,GB 44,http://www.acupunctureresearch.org/tara/ontology/TARA_1787498,Shu Point,http://www.acupunctureresearch.org/tara/ontology/TARA_4943316,Special Point on the Limbs
http://www.acupunctureresearch.org/tara/ontology/TARA_1882219,GB 25,http://www.acupunctureresearch.org/tara/ontology/TARA_8260776,Front-Mu Point of the Kidney,http://www.acupunctureresearch.org/tara/ontology/TARA_8746709,Front-Mu Point
http://www.acupunctureresearch.org/tara/ontology/TARA_1882219,GB 25,http://www.acupunctureresearch.org/tara/ontology/TARA_8260776,Front-Mu Point of the Kidney,http://www.acupunctureresearch.org/tara/ontology/TARA_2614885,Special Point on the Head and Trunk
http://www.acupunctureresearch.org/tara/ontology/TARA_9968219,GB 38,http://www.acupunctureresearch.org/tara/ontology/TARA_7315457,Jing-River Point,http://www.acupunctureresearch.org/tara/ontology/TARA_1787498,Shu Point
http://www.acupunctureresearch.org/tara/ontology/TARA_8758950,GB 34,http://www.acupunctureresearch.org/tara/ontology/TARA_6594221,He-Sea Point,http://www.acupunctureresearch.org/tara/ontology/TARA_1787498,Shu Point
http://www.acupunctureresearch.org/tara/ontology/TARA_8885103,GB 43,http://www.acupunctureresearch.org/tara/ontology/TARA_9857829,Ying-Spring Point,http://www.acupunctureresearch.org/tara/ontology/TARA_1787498,Shu Point
http://www.acupunctureresearch.org/tara/ontology/TARA_8885103,GB 43,http://www.acupunctureresearch.org/tara/ontology/TARA_9857829,Ying-Spring Point,http://www.acupunctureresearch.org/tara/ontology/TARA_4943316,Special Point on the Limbs
http://www.acupunctureresearch.org/tara/ontology/TARA_1144697,GB 36,http://www.acupunctureresearch.org/tara/ontology/TARA_4598552,Xi-Cleft Point,http://www.acupunctureresearch.org/tara/ontology/TARA_4943316,Special Point on the Limbs
http://www.acupunctureresearch.org/tara/ontology/TARA_9968219,GB 38,http://www.acupunctureresearch.org/tara/ontology/TARA_1787498,Shu Point,http://www.acupunctureresearch.org/tara/ontology/TARA_4943316,Special Point on the Limbs
http://www.acupunctureresearch.org/tara/ontology/TARA_8885103,GB 43,http://www.acupunctureresearch.org/tara/ontology/TARA_1787498,Shu Point,http://www.acupunctureresearch.org/tara/ontology/TARA_4943316,Special Point on the Limbs
http://www.acupunctureresearch.org/tara/ontology/TARA_6845331,GB 44,http://www.acupunctureresearch.org/tara/ontology/TARA_2954517,Jing-Well Point,http://www.acupunctureresearch.org/tara/ontology/TARA_1787498,Shu Point
http://www.acupunctureresearch.org/tara/ontology/TARA_0214009,GB 24,http://www.acupunctureresearch.org/tara/ontology/TARA_8746709,Front-Mu Point,http://www.acupunctureresearch.org/tara/ontology/TARA_2614885,Special Point on the Head and Trunk
http://www.acupunctureresearch.org/tara/ontology/TARA_3668538,GB 41,http://www.acupunctureresearch.org/tara/ontology/TARA_1787498,Shu Point,http://www.acupunctureresearch.org/tara/ontology/TARA_4943316,Special Point on the Limbs
http://www.acupunctureresearch.org/tara/ontology/TARA_1882219,GB 25,http://www.acupunctureresearch.org/tara/ontology/TARA_8746709,Front-Mu Point,http://www.acupunctureresearch.org/tara/ontology/TARA_2614885,Special Point on the Head and Trunk
http://www.acupunctureresearch.org/tara/ontology/TARA_6845331,GB 44,http://www.acupunctureresearch.org/tara/ontology/TARA_2954517,Jing-Well Point,http://www.acupunctureresearch.org/tara/ontology/TARA_4943316,Special Point on the Limbs
http://www.acupunctureresearch.org/tara/ontology/TARA_3668538,GB 41,http://www.acupunctureresearch.org/tara/ontology/TARA_6705086,Shu-Stream Point,http://www.acupunctureresearch.org/tara/ontology/TARA_4943316,Special Point on the Limbs
http://www.acupunctureresearch.org/tara/ontology/TARA_0214009,GB 24,http://www.acupunctureresearch.org/tara/ontology/TARA_4192840,Front-Mu Point of the Gallbladder,http://www.acupunctureresearch.org/tara/ontology/TARA_8746709,Front-Mu Point
http://www.acupunctureresearch.org/tara/ontology/TARA_3865403,GV 1,http://www.acupunctureresearch.org/tara/ontology/TARA_6993030,Luo-Connecting Point,http://www.acupunctureresearch.org/tara/ontology/TARA_4943316,Special Point on the Limbs
http://www.acupunctureresearch.org/tara/ontology/TARA_8651539,HT 9,http://www.acupunctureresearch.org/tara/ontology/TARA_1787498,Shu Point,http://www.acupunctureresearch.org/tara/ontology/TARA_4943316,Special Point on the Limbs
http://www.acupunctureresearch.org/tara/ontology/TARA_8651539,HT 9,http://www.acupunctureresearch.org/tara/ontology/TARA_2954517,Jing-Well Point,http://www.acupunctureresearch.org/tara/ontology/TARA_4943316,Special Point on the Limbs
http://www.acupunctureresearch.org/tara/ontology/TARA_2385378,HT 3,http://www.acupunctureresearch.org/tara/ontology/TARA_1787498,Shu Point,http://www.acupunctureresearch.org/tara/ontology/TARA_4943316,Special Point on the Limbs
http://www.acupunctureresearch.org/tara/ontology/TARA_2442762,HT 7,http://www.acupunctureresearch.org/tara/ontology/TARA_1840369,Yuan-Primary Point,http://www.acupunctureresearch.org/tara/ontology/TARA_4943316,Special Point on the Limbs
http://www.acupunctureresearch.org/tara/ontology/TARA_6707910,HT 8,http://www.acupunctureresearch.org/tara/ontology/TARA_1787498,Shu Point,http://www.acupunctureresearch.org/tara/ontology/TARA_4943316,Special Point on the Limbs
http://www.acupunctureresearch.org/tara/ontology/TARA_6707910,HT 8,http://www.acupunctureresearch.org/tara/ontology/TARA_9857829,Ying-Spring Point,http://www.acupunctureresearch.org/tara/ontology/TARA_4943316,Special Point on the Limbs
http://www.acupunctureresearch.org/tara/ontology/TARA_6707910,HT 8,http://www.acupunctureresearch.org/tara/ontology/TARA_9857829,Ying-Spring Point,http://www.acupunctureresearch.org/tara/ontology/TARA_1787498,Shu Point
http://www.acupunctureresearch.org/tara/ontology/TARA_2385378,HT 3,http://www.acupunctureresearch.org/tara/ontology/TARA_6594221,He-Sea Point,http://www.acupunctureresearch.org/tara/ontology/TARA_1787498,Shu Point
http://www.acupunctureresearch.org/tara/ontology/TARA_2442762,HT 7,http://www.acupunctureresearch.org/tara/ontology/TARA_1787498,Shu Point,http://www.acupunctureresearch.org/tara/ontology/TARA_4943316,Special Point on the Limbs
http://www.acupunctureresearch.org/tara/ontology/TARA_2718726,HT 4,http://www.acupunctureresearch.org/tara/ontology/TARA_1787498,Shu Point,http://www.acupunctureresearch.org/tara/ontology/TARA_4943316,Special Point on the Limbs
http://www.acupunctureresearch.org/tara/ontology/TARA_2718726,HT 4,http://www.acupunctureresearch.org/tara/ontology/TARA_7315457,Jing-River Point,http://www.acupunctureresearch.org/tara/ontology/TARA_1787498,Shu Point
http://www.acupunctureresearch.org/tara/ontology/TARA_2442762,HT 7,http://www.acupunctureresearch.org/tara/ontology/TARA_6705086,Shu-Stream Point,http://www.acupunctureresearch.org/tara/ontology/TARA_1787498,Shu Point
http://www.acupunctureresearch.org/tara/ontology/TARA_2385378,HT 3,http://www.acupunctureresearch.org/tara/ontology/TARA_6594221,He-Sea Point,http://www.acupunctureresearch.org/tara/ontology/TARA_4943316,Special Point on the Limbs
http://www.acupunctureresearch.org/tara/ontology/TARA_8651539,HT 9,http://www.acupunctureresearch.org/tara/ontology/TARA_2954517,Jing-Well Point,http://www.acupunctureresearch.org/tara/ontology/TARA_1787498,Shu Point
http://www.acupunctureresearch.org/tara/ontology/TARA_1282828,HT 5,http://www.acupunctureresearch.org/tara/ontology/TARA_6993030,Luo-Connecting Point,http://www.acupunctureresearch.org/tara/ontology/TARA_4943316,Special Point on the Limbs
http://www.acupunctureresearch.org/tara/ontology/TARA_2442762,HT 7,http://www.acupunctureresearch.org/tara/ontology/TARA_6705086,Shu-Stream Point,http://www.acupunctureresearch.org/tara/ontology/TARA_4943316,Special Point on the Limbs
http://www.acupunctureresearch.org/tara/ontology/TARA_6421594,HT 6,http://www.acupunctureresearch.org/tara/ontology/TARA_4598552,Xi-Cleft Point,http://www.acupunctureresearch.org/tara/ontology/TARA_4943316,Special Point on the Limbs
http://www.acupunctureresearch.org/tara/ontology/TARA_2718726,HT 4,http://www.acupunctureresearch.org/tara/ontology/TARA_7315457,Jing-River Point,http://www.acupunctureresearch.org/tara/ontology/TARA_4943316,Special Point on the Limbs
http://www.acupunctureresearch.org/tara/ontology/TARA_3114756,KI 2,http://www.acupunctureresearch.org/tara/ontology/TARA_1787498,Shu Point,http://www.acupunctureresearch.org/tara/ontology/TARA_4943316,Special Point on the Limbs
http://www.acupunctureresearch.org/tara/ontology/TARA_0341289,KI 4,http://www.acupunctureresearch.org/tara/ontology/TARA_6993030,Luo-Connecting Point,http://www.acupunctureresearch.org/tara/ontology/TARA_4943316,Special Point on the Limbs
http://www.acupunctureresearch.org/tara/ontology/TARA_4362146,KI 3,http://www.acupunctureresearch.org/tara/ontology/TARA_1840369,Yuan-Primary Point,http://www.acupunctureresearch.org/tara/ontology/TARA_4943316,Special Point on the Limbs
http://www.acupunctureresearch.org/tara/ontology/TARA_4512048,KI 1,http://www.acupunctureresearch.org/tara/ontology/TARA_2954517,Jing-Well Point,http://www.acupunctureresearch.org/tara/ontology/TARA_1787498,Shu Point
http://www.acupunctureresearch.org/tara/ontology/TARA_8716769,KI 10,http://www.acupunctureresearch.org/tara/ontology/TARA_1787498,Shu Point,http://www.acupunctureresearch.org/tara/ontology/TARA_4943316,Special Point on the Limbs
http://www.acupunctureresearch.org/tara/ontology/TARA_5122409,KI 5,http://www.acupunctureresearch.org/tara/ontology/TARA_4598552,Xi-Cleft Point,http://www.acupunctureresearch.org/tara/ontology/TARA_4943316,Special Point on the Limbs
http://www.acupunctureresearch.org/tara/ontology/TARA_9881298,KI 7,http://www.acupunctureresearch.org/tara/ontology/TARA_7315457,Jing-River Point,http://www.acupunctureresearch.org/tara/ontology/TARA_1787498,Shu Point
http://www.acupunctureresearch.org/tara/ontology/TARA_2687954,KI 9,http://www.acupunctureresearch.org/tara/ontology/TARA_4598552,Xi-Cleft Point,http://www.acupunctureresearch.org/tara/ontology/TARA_4943316,Special Point on the Limbs
http://www.acupunctureresearch.org/tara/ontology/TARA_6046086,KI 8,http://www.acupunctureresearch.org/tara/ontology/TARA_4598552,Xi-Cleft Point,http://www.acupunctureresearch.org/tara/ontology/TARA_4943316,Special Point on the Limbs
http://www.acupunctureresearch.org/tara/ontology/TARA_3114756,KI 2,http://www.acupunctureresearch.org/tara/ontology/TARA_9857829,Ying-Spring Point,http://www.acupunctureresearch.org/tara/ontology/TARA_1787498,Shu Point
http://www.acupunctureresearch.org/tara/ontology/TARA_4512048,KI 1,http://www.acupunctureresearch.org/tara/ontology/TARA_1787498,Shu Point,http://www.acupunctureresearch.org/tara/ontology/TARA_4943316,Special Point on the Limbs
http://www.acupunctureresearch.org/tara/ontology/TARA_9881298,KI 7,http://www.acupunctureresearch.org/tara/ontology/TARA_7315457,Jing-River Point,http://www.acupunctureresearch.org/tara/ontology/TARA_4943316,Special Point on the Limbs
http://www.acupunctureresearch.org/tara/ontology/TARA_4512048,KI 1,http://www.acupunctureresearch.org/tara/ontology/TARA_2954517,Jing-Well Point,http://www.acupunctureresearch.org/tara/ontology/TARA_4943316,Special Point on the Limbs
http://www.acupunctureresearch.org/tara/ontology/TARA_4362146,KI 3,http://www.acupunctureresearch.org/tara/ontology/TARA_6705086,Shu-Stream Point,http://www.acupunctureresearch.org/tara/ontology/TARA_1787498,Shu Point
http://www.acupunctureresearch.org/tara/ontology/TARA_2108622,KI 6,http://www.acupunctureresearch.org/tara/ontology/TARA_9493899,Confluent Point,http://www.acupunctureresearch.org/tara/ontology/TARA_4943316,Special Point on the Limbs
http://www.acupunctureresearch.org/tara/ontology/TARA_8716769,KI 10,http://www.acupunctureresearch.org/tara/ontology/TARA_6594221,He-Sea Point,http://www.acupunctureresearch.org/tara/ontology/TARA_4943316,Special Point on the Limbs
http://www.acupunctureresearch.org/tara/ontology/TARA_6046086,KI 8,http://www.acupunctureresearch.org/tara/ontology/TARA_7524444,Xi-Cleft Point of the Yin Heel Vessel,http://www.acupunctureresearch.org/tara/ontology/TARA_4943316,Special Point on the Limbs
http://www.acupunctureresearch.org/tara/ontology/TARA_6046086,KI 8,http://www.acupunctureresearch.org/tara/ontology/TARA_7524444,Xi-Cleft Point of the Yin Heel Vessel,http://www.acupunctureresearch.org/tara/ontology/TARA_4598552,Xi-Cleft Point
http://www.acupunctureresearch.org/tara/ontology/TARA_9881298,KI 7,http://www.acupunctureresearch.org/tara/ontology/TARA_1787498,Shu Point,http://www.acupunctureresearch.org/tara/ontology/TARA_4943316,Special Point on the Limbs
http://www.acupunctureresearch.org/tara/ontology/TARA_3114756,KI 2,http://www.acupunctureresearch.org/tara/ontology/TARA_9857829,Ying-Spring Point,http://www.acupunctureresearch.org/tara/ontology/TARA_4943316,Special Point on the Limbs
http://www.acupunctureresearch.org/tara/ontology/TARA_4362146,KI 3,http://www.acupunctureresearch.org/tara/ontology/TARA_6705086,Shu-Stream Point,http://www.acupunctureresearch.org/tara/ontology/TARA_4943316,Special Point on the Limbs
http://www.acupunctureresearch.org/tara/ontology/TARA_4362146,KI 3,http://www.acupunctureresearch.org/tara/ontology/TARA_1787498,Shu Point,http://www.acupunctureresearch.org/tara/ontology/TARA_4943316,Special Point on the Limbs
http://www.acupunctureresearch.org/tara/ontology/TARA_2687954,KI 9,http://www.acupunctureresearch.org/tara/ontology/TARA_8063120,Xi-Cleft Point of the Yin Link Vessel,http://www.acupunctureresearch.org/tara/ontology/TARA_4598552,Xi-Cleft Point
http://www.acupunctureresearch.org/tara/ontology/TARA_2687954,KI 9,http://www.acupunctureresearch.org/tara/ontology/TARA_8063120,Xi-Cleft Point of the Yin Link Vessel,http://www.acupunctureresearch.org/tara/ontology/TARA_4943316,Special Point on the Limbs
http://www.acupunctureresearch.org/tara/ontology/TARA_8716769,KI 10,http://www.acupunctureresearch.org/tara/ontology/TARA_6594221,He-Sea Point,http://www.acupunctureresearch.org/tara/ontology/TARA_1787498,Shu Point
http://www.acupunctureresearch.org/tara/ontology/TARA_7867167,LI 3,http://www.acupunctureresearch.org/tara/ontology/TARA_6705086,Shu-Stream Point,http://www.acupunctureresearch.org/tara/ontology/TARA_1787498,Shu Point
http://www.acupunctureresearch.org/tara/ontology/TARA_8294181,LI 2,http://www.acupunctureresearch.org/tara/ontology/TARA_1787498,Shu Point,http://www.acupunctureresearch.org/tara/ontology/TARA_4943316,Special Point on the Limbs
http://www.acupunctureresearch.org/tara/ontology/TARA_6314936,LI 1,http://www.acupunctureresearch.org/tara/ontology/TARA_1787498,Shu Point,http://www.acupunctureresearch.org/tara/ontology/TARA_4943316,Special Point on the Limbs
http://www.acupunctureresearch.org/tara/ontology/TARA_8294181,LI 2,http://www.acupunctureresearch.org/tara/ontology/TARA_9857829,Ying-Spring Point,http://www.acupunctureresearch.org/tara/ontology/TARA_4943316,Special Point on the Limbs
http://www.acupunctureresearch.org/tara/ontology/TARA_9876402,LI 6,http://www.acupunctureresearch.org/tara/ontology/TARA_6993030,Luo-Connecting Point,http://www.acupunctureresearch.org/tara/ontology/TARA_4943316,Special Point on the Limbs
http://www.acupunctureresearch.org/tara/ontology/TARA_7867167,LI 3,http://www.acupunctureresearch.org/tara/ontology/TARA_6705086,Shu-Stream Point,http://www.acupunctureresearch.org/tara/ontology/TARA_4943316,Special Point on the Limbs
http://www.acupunctureresearch.org/tara/ontology/TARA_8294181,LI 2,http://www.acupunctureresearch.org/tara/ontology/TARA_9857829,Ying-Spring Point,http://www.acupunctureresearch.org/tara/ontology/TARA_1787498,Shu Point
http://www.acupunctureresearch.org/tara/ontology/TARA_5677319,LI 5,http://www.acupunctureresearch.org/tara/ontology/TARA_7315457,Jing-River Point,http://www.acupunctureresearch.org/tara/ontology/TARA_1787498,Shu Point
http://www.acupunctureresearch.org/tara/ontology/TARA_5677319,LI 5,http://www.acupunctureresearch.org/tara/ontology/TARA_7315457,Jing-River Point,http://www.acupunctureresearch.org/tara/ontology/TARA_4943316,Special Point on the Limbs
http://www.acupunctureresearch.org/tara/ontology/TARA_8923096,LI 11,http://www.acupunctureresearch.org/tara/ontology/TARA_6594221,He-Sea Point,http://www.acupunctureresearch.org/tara/ontology/TARA_4943316,Special Point on the Limbs
http://www.acupunctureresearch.org/tara/ontology/TARA_6314936,LI 1,http://www.acupunctureresearch.org/tara/ontology/TARA_2954517,Jing-Well Point,http://www.acupunctureresearch.org/tara/ontology/TARA_4943316,Special Point on the Limbs
http://www.acupunctureresearch.org/tara/ontology/TARA_5677319,LI 5,http://www.acupunctureresearch.org/tara/ontology/TARA_1787498,Shu Point,http://www.acupunctureresearch.org/tara/ontology/TARA_4943316,Special Point on the Limbs
http://www.acupunctureresearch.org/tara/ontology/TARA_8107205,LI 7,http://www.acupunctureresearch.org/tara/ontology/TARA_4598552,Xi-Cleft Point,http://www.acupunctureresearch.org/tara/ontology/TARA_4943316,Special Point on the Limbs
http://www.acupunctureresearch.org/tara/ontology/TARA_8923096,LI 11,http://www.acupunctureresearch.org/tara/ontology/TARA_1787498,Shu Point,http://www.acupunctureresearch.org/tara/ontology/TARA_4943316,Special Point on the Limbs
http://www.acupunctureresearch.org/tara/ontology/TARA_6314936,LI 1,http://www.acupunctureresearch.org/tara/ontology/TARA_2954517,Jing-Well Point,http://www.acupunctureresearch.org/tara/ontology/TARA_1787498,Shu Point
http://www.acupunctureresearch.org/tara/ontology/TARA_7867167,LI 3,http://www.acupunctureresearch.org/tara/ontology/TARA_1787498,Shu Point,http://www.acupunctureresearch.org/tara/ontology/TARA_4943316,Special Point on the Limbs
http://www.acupunctureresearch.org/tara/ontology/TARA_0859695,LI 4,http://www.acupunctureresearch.org/tara/ontology/TARA_1840369,Yuan-Primary Point,http://www.acupunctureresearch.org/tara/ontology/TARA_4943316,Special Point on the Limbs
http://www.acupunctureresearch.org/tara/ontology/TARA_8923096,LI 11,http://www.acupunctureresearch.org/tara/ontology/TARA_6594221,He-Sea Point,http://www.acupunctureresearch.org/tara/ontology/TARA_1787498,Shu Point
http://www.acupunctureresearch.org/tara/ontology/TARA_6499349,LR 3,http://www.acupunctureresearch.org/tara/ontology/TARA_6705086,Shu-Stream Point,http://www.acupunctureresearch.org/tara/ontology/TARA_1787498,Shu Point
http://www.acupunctureresearch.org/tara/ontology/TARA_6499349,LR 3,http://www.acupunctureresearch.org/tara/ontology/TARA_1787498,Shu Point,http://www.acupunctureresearch.org/tara/ontology/TARA_4943316,Special Point on the Limbs
http://www.acupunctureresearch.org/tara/ontology/TARA_0780558,LR 5,http://www.acupunctureresearch.org/tara/ontology/TARA_6993030,Luo-Connecting Point,http://www.acupunctureresearch.org/tara/ontology/TARA_4943316,Special Point on the Limbs
http://www.acupunctureresearch.org/tara/ontology/TARA_2131658,LR 1,http://www.acupunctureresearch.org/tara/ontology/TARA_1787498,Shu Point,http://www.acupunctureresearch.org/tara/ontology/TARA_4943316,Special Point on the Limbs
http://www.acupunctureresearch.org/tara/ontology/TARA_4325595,LR 4,http://www.acupunctureresearch.org/tara/ontology/TARA_7315457,Jing-River Point,http://www.acupunctureresearch.org/tara/ontology/TARA_1787498,Shu Point
http://www.acupunctureresearch.org/tara/ontology/TARA_4325595,LR 4,http://www.acupunctureresearch.org/tara/ontology/TARA_1787498,Shu Point,http://www.acupunctureresearch.org/tara/ontology/TARA_4943316,Special Point on the Limbs
http://www.acupunctureresearch.org/tara/ontology/TARA_1074531,LR 8,http://www.acupunctureresearch.org/tara/ontology/TARA_6594221,He-Sea Point,http://www.acupunctureresearch.org/tara/ontology/TARA_4943316,Special Point on the Limbs
http://www.acupunctureresearch.org/tara/ontology/TARA_4325595,LR 4,http://www.acupunctureresearch.org/tara/ontology/TARA_7315457,Jing-River Point,http://www.acupunctureresearch.org/tara/ontology/TARA_4943316,Special Point on the Limbs
http://www.acupunctureresearch.org/tara/ontology/TARA_7479763,LR 14,http://www.acupunctureresearch.org/tara/ontology/TARA_0284940,Front-Mu Point of the Liver,http://www.acupunctureresearch.org/tara/ontology/TARA_2614885,Special Point on the Head and Trunk
http://www.acupunctureresearch.org/tara/ontology/TARA_7479763,LR 14,http://www.acupunctureresearch.org/tara/ontology/TARA_8746709,Front-Mu Point,http://www.acupunctureresearch.org/tara/ontology/TARA_2614885,Special Point on the Head and Trunk
http://www.acupunctureresearch.org/tara/ontology/TARA_6862058,LR 2,http://www.acupunctureresearch.org/tara/ontology/TARA_1787498,Shu Point,http://www.acupunctureresearch.org/tara/ontology/TARA_4943316,Special Point on the Limbs
http://www.acupunctureresearch.org/tara/ontology/TARA_2131658,LR 1,http://www.acupunctureresearch.org/tara/ontology/TARA_2954517,Jing-Well Point,http://www.acupunctureresearch.org/tara/ontology/TARA_1787498,Shu Point
http://www.acupunctureresearch.org/tara/ontology/TARA_7479763,LR 14,http://www.acupunctureresearch.org/tara/ontology/TARA_0284940,Front-Mu Point of the Liver,http://www.acupunctureresearch.org/tara/ontology/TARA_8746709,Front-Mu Point
http://www.acupunctureresearch.org/tara/ontology/TARA_6499349,LR 3,http://www.acupunctureresearch.org/tara/ontology/TARA_6705086,Shu-Stream Point,http://www.acupunctureresearch.org/tara/ontology/TARA_4943316,Special Point on the Limbs
http://www.acupunctureresearch.org/tara/ontology/TARA_0794971,LR 13,http://www.acupunctureresearch.org/tara/ontology/TARA_7809864,Front-Mu Point of the Spleen,http://www.acupunctureresearch.org/tara/ontology/TARA_8746709,Front-Mu Point
http://www.acupunctureresearch.org/tara/ontology/TARA_1074531,LR 8,http://www.acupunctureresearch.org/tara/ontology/TARA_1787498,Shu Point,http://www.acupunctureresearch.org/tara/ontology/TARA_4943316,Special Point on the Limbs
http://www.acupunctureresearch.org/tara/ontology/TARA_0794971,LR 13,http://www.acupunctureresearch.org/tara/ontology/TARA_8746709,Front-Mu Point,http://www.acupunctureresearch.org/tara/ontology/TARA_2614885,Special Point on the Head and Trunk
http://www.acupunctureresearch.org/tara/ontology/TARA_2131658,LR 1,http://www.acupunctureresearch.org/tara/ontology/TARA_2954517,Jing-Well Point,http://www.acupunctureresearch.org/tara/ontology/TARA_4943316,Special Point on the Limbs
http://www.acupunctureresearch.org/tara/ontology/TARA_1074531,LR 8,http://www.acupunctureresearch.org/tara/ontology/TARA_6594221,He-Sea Point,http://www.acupunctureresearch.org/tara/ontology/TARA_1787498,Shu Point
http://www.acupunctureresearch.org/tara/ontology/TARA_8267317,LR 6,http://www.acupunctureresearch.org/tara/ontology/TARA_4598552,Xi-Cleft Point,http://www.acupunctureresearch.org/tara/ontology/TARA_4943316,Special Point on the Limbs
http://www.acupunctureresearch.org/tara/ontology/TARA_0794971,LR 13,http://www.acupunctureresearch.org/tara/ontology/TARA_7546644,Influential Point of Zang Organs,http://www.acupunctureresearch.org/tara/ontology/TARA_7010544,Influential Point
http://www.acupunctureresearch.org/tara/ontology/TARA_6499349,LR 3,http://www.acupunctureresearch.org/tara/ontology/TARA_1840369,Yuan-Primary Point,http://www.acupunctureresearch.org/tara/ontology/TARA_4943316,Special Point on the Limbs
http://www.acupunctureresearch.org/tara/ontology/TARA_0794971,LR 13,http://www.acupunctureresearch.org/tara/ontology/TARA_7809864,Front-Mu Point of the Spleen,http://www.acupunctureresearch.org/tara/ontology/TARA_2614885,Special Point on the Head and Trunk
http://www.acupunctureresearch.org/tara/ontology/TARA_6862058,LR 2,http://www.acupunctureresearch.org/tara/ontology/TARA_9857829,Ying-Spring Point,http://www.acupunctureresearch.org/tara/ontology/TARA_4943316,Special Point on the Limbs
http://www.acupunctureresearch.org/tara/ontology/TARA_6862058,LR 2,http://www.acupunctureresearch.org/tara/ontology/TARA_9857829,Ying-Spring Point,http://www.acupunctureresearch.org/tara/ontology/TARA_1787498,Shu Point
http://www.acupunctureresearch.org/tara/ontology/TARA_2459635,LU 10,http://www.acupunctureresearch.org/tara/ontology/TARA_9857829,Ying-Spring Point,http://www.acupunctureresearch.org/tara/ontology/TARA_4943316,Special Point on the Limbs
http://www.acupunctureresearch.org/tara/ontology/TARA_0831517,LU 11,http://www.acupunctureresearch.org/tara/ontology/TARA_2954517,Jing-Well Point,http://www.acupunctureresearch.org/tara/ontology/TARA_4943316,Special Point on the Limbs
http://www.acupunctureresearch.org/tara/ontology/TARA_3515622,LU 7,http://www.acupunctureresearch.org/tara/ontology/TARA_9493899,Confluent Point,http://www.acupunctureresearch.org/tara/ontology/TARA_4943316,Special Point on the Limbs
http://www.acupunctureresearch.org/tara/ontology/TARA_1357729,LU 5,http://www.acupunctureresearch.org/tara/ontology/TARA_6594221,He-Sea Point,http://www.acupunctureresearch.org/tara/ontology/TARA_1787498,Shu Point
http://www.acupunctureresearch.org/tara/ontology/TARA_8122277,LU 9,http://www.acupunctureresearch.org/tara/ontology/TARA_4105303,Influential Point of Vessels,http://www.acupunctureresearch.org/tara/ontology/TARA_7010544,Influential Point
http://www.acupunctureresearch.org/tara/ontology/TARA_8122277,LU 9,http://www.acupunctureresearch.org/tara/ontology/TARA_1840369,Yuan-Primary Point,http://www.acupunctureresearch.org/tara/ontology/TARA_4943316,Special Point on the Limbs
http://www.acupunctureresearch.org/tara/ontology/TARA_6531052,LU 8,http://www.acupunctureresearch.org/tara/ontology/TARA_7315457,Jing-River Point,http://www.acupunctureresearch.org/tara/ontology/TARA_1787498,Shu Point
http://www.acupunctureresearch.org/tara/ontology/TARA_6531052,LU 8,http://www.acupunctureresearch.org/tara/ontology/TARA_7315457,Jing-River Point,http://www.acupunctureresearch.org/tara/ontology/TARA_4943316,Special Point on the Limbs
http://www.acupunctureresearch.org/tara/ontology/TARA_1357729,LU 5,http://www.acupunctureresearch.org/tara/ontology/TARA_6594221,He-Sea Point,http://www.acupunctureresearch.org/tara/ontology/TARA_4943316,Special Point on the Limbs
http://www.acupunctureresearch.org/tara/ontology/TARA_3496812,LU 6,http://www.acupunctureresearch.org/tara/ontology/TARA_4598552,Xi-Cleft Point,http://www.acupunctureresearch.org/tara/ontology/TARA_4943316,Special Point on the Limbs
http://www.acupunctureresearch.org/tara/ontology/TARA_0831517,LU 11,http://www.acupunctureresearch.org/tara/ontology/TARA_1787498,Shu Point,http://www.acupunctureresearch.org/tara/ontology/TARA_4943316,Special Point on the Limbs
http://www.acupunctureresearch.org/tara/ontology/TARA_8122277,LU 9,http://www.acupunctureresearch.org/tara/ontology/TARA_1787498,Shu Point,http://www.acupunctureresearch.org/tara/ontology/TARA_4943316,Special Point on the Limbs
http://www.acupunctureresearch.org/tara/ontology/TARA_0913913,LU 1,http://www.acupunctureresearch.org/tara/ontology/TARA_5996486,Front-Mu Point of the Lung,http://www.acupunctureresearch.org/tara/ontology/TARA_8746709,Front-Mu Point
http://www.acupunctureresearch.org/tara/ontology/TARA_3515622,LU 7,http://www.acupunctureresearch.org/tara/ontology/TARA_6993030,Luo-Connecting Point,http://www.acupunctureresearch.org/tara/ontology/TARA_4943316,Special Point on the Limbs
http://www.acupunctureresearch.org/tara/ontology/TARA_8122277,LU 9,http://www.acupunctureresearch.org/tara/ontology/TARA_6705086,Shu-Stream Point,http://www.acupunctureresearch.org/tara/ontology/TARA_1787498,Shu Point
http://www.acupunctureresearch.org/tara/ontology/TARA_2459635,LU 10,http://www.acupunctureresearch.org/tara/ontology/TARA_1787498,Shu Point,http://www.acupunctureresearch.org/tara/ontology/TARA_4943316,Special Point on the Limbs
http://www.acupunctureresearch.org/tara/ontology/TARA_0913913,LU 1,http://www.acupunctureresearch.org/tara/ontology/TARA_8746709,Front-Mu Point,http://www.acupunctureresearch.org/tara/ontology/TARA_2614885,Special Point on the Head and Trunk
http://www.acupunctureresearch.org/tara/ontology/TARA_2459635,LU 10,http://www.acupunctureresearch.org/tara/ontology/TARA_9857829,Ying-Spring Point,http://www.acupunctureresearch.org/tara/ontology/TARA_1787498,Shu Point
http://www.acupunctureresearch.org/tara/ontology/TARA_0831517,LU 11,http://www.acupunctureresearch.org/tara/ontology/TARA_2954517,Jing-Well Point,http://www.acupunctureresearch.org/tara/ontology/TARA_1787498,Shu Point
http://www.acupunctureresearch.org/tara/ontology/TARA_6531052,LU 8,http://www.acupunctureresearch.org/tara/ontology/TARA_1787498,Shu Point,http://www.acupunctureresearch.org/tara/ontology/TARA_4943316,Special Point on the Limbs
http://www.acupunctureresearch.org/tara/ontology/TARA_1357729,LU 5,http://www.acupunctureresearch.org/tara/ontology/TARA_1787498,Shu Point,http://www.acupunctureresearch.org/tara/ontology/TARA_4943316,Special Point on the Limbs
http://www.acupunctureresearch.org/tara/ontology/TARA_0913913,LU 1,http://www.acupunctureresearch.org/tara/ontology/TARA_5996486,Front-Mu Point of the Lung,http://www.acupunctureresearch.org/tara/ontology/TARA_2614885,Special Point on the Head and Trunk
http://www.acupunctureresearch.org/tara/ontology/TARA_8122277,LU 9,http://www.acupunctureresearch.org/tara/ontology/TARA_6705086,Shu-Stream Point,http://www.acupunctureresearch.org/tara/ontology/TARA_4943316,Special Point on the Limbs
http://www.acupunctureresearch.org/tara/ontology/TARA_5212832,PC 8,http://www.acupunctureresearch.org/tara/ontology/TARA_9857829,Ying-Spring Point,http://www.acupunctureresearch.org/tara/ontology/TARA_1787498,Shu Point
http://www.acupunctureresearch.org/tara/ontology/TARA_5138859,PC 9,http://www.acupunctureresearch.org/tara/ontology/TARA_2954517,Jing-Well Point,http://www.acupunctureresearch.org/tara/ontology/TARA_1787498,Shu Point
http://www.acupunctureresearch.org/tara/ontology/TARA_5212832,PC 8,http://www.acupunctureresearch.org/tara/ontology/TARA_1787498,Shu Point,http://www.acupunctureresearch.org/tara/ontology/TARA_4943316,Special Point on the Limbs
http://www.acupunctureresearch.org/tara/ontology/TARA_5138859,PC 9,http://www.acupunctureresearch.org/tara/ontology/TARA_1787498,Shu Point,http://www.acupunctureresearch.org/tara/ontology/TARA_4943316,Special Point on the Limbs
http://www.acupunctureresearch.org/tara/ontology/TARA_9020892,PC 7,http://www.acupunctureresearch.org/tara/ontology/TARA_6705086,Shu-Stream Point,http://www.acupunctureresearch.org/tara/ontology/TARA_1787498,Shu Point
http://www.acupunctureresearch.org/tara/ontology/TARA_4311153,PC 6,http://www.acupunctureresearch.org/tara/ontology/TARA_6993030,Luo-Connecting Point,http://www.acupunctureresearch.org/tara/ontology/TARA_4943316,Special Point on the Limbs
http://www.acupunctureresearch.org/tara/ontology/TARA_2645290,PC 4,http://www.acupunctureresearch.org/tara/ontology/TARA_4598552,Xi-Cleft Point,http://www.acupunctureresearch.org/tara/ontology/TARA_4943316,Special Point on the Limbs
http://www.acupunctureresearch.org/tara/ontology/TARA_7634323,PC 3,http://www.acupunctureresearch.org/tara/ontology/TARA_6594221,He-Sea Point,http://www.acupunctureresearch.org/tara/ontology/TARA_1787498,Shu Point
http://www.acupunctureresearch.org/tara/ontology/TARA_4311153,PC 6,http://www.acupunctureresearch.org/tara/ontology/TARA_9493899,Confluent Point,http://www.acupunctureresearch.org/tara/ontology/TARA_4943316,Special Point on the Limbs
http://www.acupunctureresearch.org/tara/ontology/TARA_6477399,PC 5,http://www.acupunctureresearch.org/tara/ontology/TARA_1787498,Shu Point,http://www.acupunctureresearch.org/tara/ontology/TARA_4943316,Special Point on the Limbs
http://www.acupunctureresearch.org/tara/ontology/TARA_6477399,PC 5,http://www.acupunctureresearch.org/tara/ontology/TARA_7315457,Jing-River Point,http://www.acupunctureresearch.org/tara/ontology/TARA_4943316,Special Point on the Limbs
http://www.acupunctureresearch.org/tara/ontology/TARA_7634323,PC 3,http://www.acupunctureresearch.org/tara/ontology/TARA_1787498,Shu Point,http://www.acupunctureresearch.org/tara/ontology/TARA_4943316,Special Point on the Limbs
http://www.acupunctureresearch.org/tara/ontology/TARA_6477399,PC 5,http://www.acupunctureresearch.org/tara/ontology/TARA_7315457,Jing-River Point,http://www.acupunctureresearch.org/tara/ontology/TARA_1787498,Shu Point
http://www.acupunctureresearch.org/tara/ontology/TARA_9020892,PC 7,http://www.acupunctureresearch.org/tara/ontology/TARA_1787498,Shu Point,http://www.acupunctureresearch.org/tara/ontology/TARA_4943316,Special Point on the Limbs
http://www.acupunctureresearch.org/tara/ontology/TARA_9020892,PC 7,http://www.acupunctureresearch.org/tara/ontology/TARA_1840369,Yuan-Primary Point,http://www.acupunctureresearch.org/tara/ontology/TARA_4943316,Special Point on the Limbs
http://www.acupunctureresearch.org/tara/ontology/TARA_5138859,PC 9,http://www.acupunctureresearch.org/tara/ontology/TARA_2954517,Jing-Well Point,http://www.acupunctureresearch.org/tara/ontology/TARA_4943316,Special Point on the Limbs
http://www.acupunctureresearch.org/tara/ontology/TARA_9020892,PC 7,http://www.acupunctureresearch.org/tara/ontology/TARA_6705086,Shu-Stream Point,http://www.acupunctureresearch.org/tara/ontology/TARA_4943316,Special Point on the Limbs
http://www.acupunctureresearch.org/tara/ontology/TARA_5212832,PC 8,http://www.acupunctureresearch.org/tara/ontology/TARA_9857829,Ying-Spring Point,http://www.acupunctureresearch.org/tara/ontology/TARA_4943316,Special Point on the Limbs
http://www.acupunctureresearch.org/tara/ontology/TARA_7634323,PC 3,http://www.acupunctureresearch.org/tara/ontology/TARA_6594221,He-Sea Point,http://www.acupunctureresearch.org/tara/ontology/TARA_4943316,Special Point on the Limbs
http://www.acupunctureresearch.org/tara/ontology/TARA_1172977,SI 4,http://www.acupunctureresearch.org/tara/ontology/TARA_1840369,Yuan-Primary Point,http://www.acupunctureresearch.org/tara/ontology/TARA_4943316,Special Point on the Limbs
http://www.acupunctureresearch.org/tara/ontology/TARA_4125415,SI 6,http://www.acupunctureresearch.org/tara/ontology/TARA_4598552,Xi-Cleft Point,http://www.acupunctureresearch.org/tara/ontology/TARA_4943316,Special Point on the Limbs
http://www.acupunctureresearch.org/tara/ontology/TARA_2777371,SI 2,http://www.acupunctureresearch.org/tara/ontology/TARA_9857829,Ying-Spring Point,http://www.acupunctureresearch.org/tara/ontology/TARA_1787498,Shu Point
http://www.acupunctureresearch.org/tara/ontology/TARA_9168896,SI 1,http://www.acupunctureresearch.org/tara/ontology/TARA_2954517,Jing-Well Point,http://www.acupunctureresearch.org/tara/ontology/TARA_4943316,Special Point on the Limbs
http://www.acupunctureresearch.org/tara/ontology/TARA_0220496,SI 3,http://www.acupunctureresearch.org/tara/ontology/TARA_6705086,Shu-Stream Point,http://www.acupunctureresearch.org/tara/ontology/TARA_1787498,Shu Point
http://www.acupunctureresearch.org/tara/ontology/TARA_0669306,SI 5,http://www.acupunctureresearch.org/tara/ontology/TARA_7315457,Jing-River Point,http://www.acupunctureresearch.org/tara/ontology/TARA_1787498,Shu Point
http://www.acupunctureresearch.org/tara/ontology/TARA_0669306,SI 5,http://www.acupunctureresearch.org/tara/ontology/TARA_7315457,Jing-River Point,http://www.acupunctureresearch.org/tara/ontology/TARA_4943316,Special Point on the Limbs
http://www.acupunctureresearch.org/tara/ontology/TARA_5859631,SI 8,http://www.acupunctureresearch.org/tara/ontology/TARA_1787498,Shu Point,http://www.acupunctureresearch.org/tara/ontology/TARA_4943316,Special Point on the Limbs
http://www.acupunctureresearch.org/tara/ontology/TARA_0220496,SI 3,http://www.acupunctureresearch.org/tara/ontology/TARA_9493899,Confluent Point,http://www.acupunctureresearch.org/tara/ontology/TARA_4943316,Special Point on the Limbs
http://www.acupunctureresearch.org/tara/ontology/TARA_1051162,SI 7,http://www.acupunctureresearch.org/tara/ontology/TARA_6993030,Luo-Connecting Point,http://www.acupunctureresearch.org/tara/ontology/TARA_4943316,Special Point on the Limbs
http://www.acupunctureresearch.org/tara/ontology/TARA_9168896,SI 1,http://www.acupunctureresearch.org/tara/ontology/TARA_2954517,Jing-Well Point,http://www.acupunctureresearch.org/tara/ontology/TARA_1787498,Shu Point
http://www.acupunctureresearch.org/tara/ontology/TARA_5859631,SI 8,http://www.acupunctureresearch.org/tara/ontology/TARA_6594221,He-Sea Point,http://www.acupunctureresearch.org/tara/ontology/TARA_1787498,Shu Point
http://www.acupunctureresearch.org/tara/ontology/TARA_2777371,SI 2,http://www.acupunctureresearch.org/tara/ontology/TARA_9857829,Ying-Spring Point,http://www.acupunctureresearch.org/tara/ontology/TARA_4943316,Special Point on the Limbs
http://www.acupunctureresearch.org/tara/ontology/TARA_9168896,SI 1,http://www.acupunctureresearch.org/tara/ontology/TARA_1787498,Shu Point,http://www.acupunctureresearch.org/tara/ontology/TARA_4943316,Special Point on the Limbs
http://www.acupunctureresearch.org/tara/ontology/TARA_0669306,SI 5,http://www.acupunctureresearch.org/tara/ontology/TARA_1787498,Shu Point,http://www.acupunctureresearch.org/tara/ontology/TARA_4943316,Special Point on the Limbs
http://www.acupunctureresearch.org/tara/ontology/TARA_0220496,SI 3,http://www.acupunctureresearch.org/tara/ontology/TARA_6705086,Shu-Stream Point,http://www.acupunctureresearch.org/tara/ontology/TARA_4943316,Special Point on the Limbs
http://www.acupunctureresearch.org/tara/ontology/TARA_0220496,SI 3,http://www.acupunctureresearch.org/tara/ontology/TARA_1787498,Shu Point,http://www.acupunctureresearch.org/tara/ontology/TARA_4943316,Special Point on the Limbs
http://www.acupunctureresearch.org/tara/ontology/TARA_5859631,SI 8,http://www.acupunctureresearch.org/tara/ontology/TARA_6594221,He-Sea Point,http://www.acupunctureresearch.org/tara/ontology/TARA_4943316,Special Point on the Limbs
http://www.acupunctureresearch.org/tara/ontology/TARA_2777371,SI 2,http://www.acupunctureresearch.org/tara/ontology/TARA_1787498,Shu Point,http://www.acupunctureresearch.org/tara/ontology/TARA_4943316,Special Point on the Limbs
http://www.acupunctureresearch.org/tara/ontology/TARA_6894093,SP 2,http://www.acupunctureresearch.org/tara/ontology/TARA_1787498,Shu Point,http://www.acupunctureresearch.org/tara/ontology/TARA_4943316,Special Point on the Limbs
http://www.acupunctureresearch.org/tara/ontology/TARA_3003448,SP 3,http://www.acupunctureresearch.org/tara/ontology/TARA_6705086,Shu-Stream Point,http://www.acupunctureresearch.org/tara/ontology/TARA_4943316,Special Point on the Limbs
http://www.acupunctureresearch.org/tara/ontology/TARA_7831710,SP 5,http://www.acupunctureresearch.org/tara/ontology/TARA_7315457,Jing-River Point,http://www.acupunctureresearch.org/tara/ontology/TARA_4943316,Special Point on the Limbs
http://www.acupunctureresearch.org/tara/ontology/TARA_8929565,SP 1,http://www.acupunctureresearch.org/tara/ontology/TARA_2954517,Jing-Well Point,http://www.acupunctureresearch.org/tara/ontology/TARA_1787498,Shu Point
http://www.acupunctureresearch.org/tara/ontology/TARA_6848518,SP 8,http://www.acupunctureresearch.org/tara/ontology/TARA_4598552,Xi-Cleft Point,http://www.acupunctureresearch.org/tara/ontology/TARA_4943316,Special Point on the Limbs
http://www.acupunctureresearch.org/tara/ontology/TARA_1055536,SP 21,http://www.acupunctureresearch.org/tara/ontology/TARA_7819406,Major Luo-Connecting Point,http://www.acupunctureresearch.org/tara/ontology/TARA_6993030,Luo-Connecting Point
http://www.acupunctureresearch.org/tara/ontology/TARA_1055536,SP 21,http://www.acupunctureresearch.org/tara/ontology/TARA_7819406,Major Luo-Connecting Point,http://www.acupunctureresearch.org/tara/ontology/TARA_4943316,Special Point on the Limbs
http://www.acupunctureresearch.org/tara/ontology/TARA_6894093,SP 2,http://www.acupunctureresearch.org/tara/ontology/TARA_9857829,Ying-Spring Point,http://www.acupunctureresearch.org/tara/ontology/TARA_4943316,Special Point on the Limbs
http://www.acupunctureresearch.org/tara/ontology/TARA_3553465,SP 9,http://www.acupunctureresearch.org/tara/ontology/TARA_1787498,Shu Point,http://www.acupunctureresearch.org/tara/ontology/TARA_4943316,Special Point on the Limbs
http://www.acupunctureresearch.org/tara/ontology/TARA_7407065,SP 4,http://www.acupunctureresearch.org/tara/ontology/TARA_9493899,Confluent Point,http://www.acupunctureresearch.org/tara/ontology/TARA_4943316,Special Point on the Limbs
http://www.acupunctureresearch.org/tara/ontology/TARA_3003448,SP 3,http://www.acupunctureresearch.org/tara/ontology/TARA_1840369,Yuan-Primary Point,http://www.acupunctureresearch.org/tara/ontology/TARA_4943316,Special Point on the Limbs
http://www.acupunctureresearch.org/tara/ontology/TARA_1055536,SP 21,http://www.acupunctureresearch.org/tara/ontology/TARA_3779268,Major Luo-Connecting Point of the Spleen,http://www.acupunctureresearch.org/tara/ontology/TARA_4943316,Special Point on the Limbs
http://www.acupunctureresearch.org/tara/ontology/TARA_3553465,SP 9,http://www.acupunctureresearch.org/tara/ontology/TARA_6594221,He-Sea Point,http://www.acupunctureresearch.org/tara/ontology/TARA_4943316,Special Point on the Limbs
http://www.acupunctureresearch.org/tara/ontology/TARA_3553465,SP 9,http://www.acupunctureresearch.org/tara/ontology/TARA_6594221,He-Sea Point,http://www.acupunctureresearch.org/tara/ontology/TARA_1787498,Shu Point
http://www.acupunctureresearch.org/tara/ontology/TARA_1055536,SP 21,http://www.acupunctureresearch.org/tara/ontology/TARA_6993030,Luo-Connecting Point,http://www.acupunctureresearch.org/tara/ontology/TARA_4943316,Special Point on the Limbs
http://www.acupunctureresearch.org/tara/ontology/TARA_8929565,SP 1,http://www.acupunctureresearch.org/tara/ontology/TARA_1787498,Shu Point,http://www.acupunctureresearch.org/tara/ontology/TARA_4943316,Special Point on the Limbs
http://www.acupunctureresearch.org/tara/ontology/TARA_7831710,SP 5,http://www.acupunctureresearch.org/tara/ontology/TARA_7315457,Jing-River Point,http://www.acupunctureresearch.org/tara/ontology/TARA_1787498,Shu Point
http://www.acupunctureresearch.org/tara/ontology/TARA_7407065,SP 4,http://www.acupunctureresearch.org/tara/ontology/TARA_6993030,Luo-Connecting Point,http://www.acupunctureresearch.org/tara/ontology/TARA_4943316,Special Point on the Limbs
http://www.acupunctureresearch.org/tara/ontology/TARA_3003448,SP 3,http://www.acupunctureresearch.org/tara/ontology/TARA_6705086,Shu-Stream Point,http://www.acupunctureresearch.org/tara/ontology/TARA_1787498,Shu Point
http://www.acupunctureresearch.org/tara/ontology/TARA_8929565,SP 1,http://www.acupunctureresearch.org/tara/ontology/TARA_2954517,Jing-Well Point,http://www.acupunctureresearch.org/tara/ontology/TARA_4943316,Special Point on the Limbs
http://www.acupunctureresearch.org/tara/ontology/TARA_3003448,SP 3,http://www.acupunctureresearch.org/tara/ontology/TARA_1787498,Shu Point,http://www.acupunctureresearch.org/tara/ontology/TARA_4943316,Special Point on the Limbs
http://www.acupunctureresearch.org/tara/ontology/TARA_7831710,SP 5,http://www.acupunctureresearch.org/tara/ontology/TARA_1787498,Shu Point,http://www.acupunctureresearch.org/tara/ontology/TARA_4943316,Special Point on the Limbs
http://www.acupunctureresearch.org/tara/ontology/TARA_1055536,SP 21,http://www.acupunctureresearch.org/tara/ontology/TARA_3779268,Major Luo-Connecting Point of the Spleen,http://www.acupunctureresearch.org/tara/ontology/TARA_6993030,Luo-Connecting Point
http://www.acupunctureresearch.org/tara/ontology/TARA_6894093,SP 2,http://www.acupunctureresearch.org/tara/ontology/TARA_9857829,Ying-Spring Point,http://www.acupunctureresearch.org/tara/ontology/TARA_1787498,Shu Point
http://www.acupunctureresearch.org/tara/ontology/TARA_1055536,SP 21,http://www.acupunctureresearch.org/tara/ontology/TARA_3779268,Major Luo-Connecting Point of the Spleen,http://www.acupunctureresearch.org/tara/ontology/TARA_7819406,Major Luo-Connecting Point
http://www.acupunctureresearch.org/tara/ontology/TARA_5918799,ST 37,http://www.acupunctureresearch.org/tara/ontology/TARA_1787498,Shu Point,http://www.acupunctureresearch.org/tara/ontology/TARA_4943316,Special Point on the Limbs
http://www.acupunctureresearch.org/tara/ontology/TARA_7661549,ST 43,http://www.acupunctureresearch.org/tara/ontology/TARA_1787498,Shu Point,http://www.acupunctureresearch.org/tara/ontology/TARA_4943316,Special Point on the Limbs
http://www.acupunctureresearch.org/tara/ontology/TARA_6728804,ST 39,http://www.acupunctureresearch.org/tara/ontology/TARA_1787498,Shu Point,http://www.acupunctureresearch.org/tara/ontology/TARA_4943316,Special Point on the Limbs
http://www.acupunctureresearch.org/tara/ontology/TARA_6019290,ST 41,http://www.acupunctureresearch.org/tara/ontology/TARA_1787498,Shu Point,http://www.acupunctureresearch.org/tara/ontology/TARA_4943316,Special Point on the Limbs
http://www.acupunctureresearch.org/tara/ontology/TARA_6463344,ST 36,http://www.acupunctureresearch.org/tara/ontology/TARA_1787498,Shu Point,http://www.acupunctureresearch.org/tara/ontology/TARA_4943316,Special Point on the Limbs
http://www.acupunctureresearch.org/tara/ontology/TARA_2260472,ST 45,http://www.acupunctureresearch.org/tara/ontology/TARA_1787498,Shu Point,http://www.acupunctureresearch.org/tara/ontology/TARA_4943316,Special Point on the Limbs
http://www.acupunctureresearch.org/tara/ontology/TARA_9531666,ST 40,http://www.acupunctureresearch.org/tara/ontology/TARA_6993030,Luo-Connecting Point,http://www.acupunctureresearch.org/tara/ontology/TARA_4943316,Special Point on the Limbs
http://www.acupunctureresearch.org/tara/ontology/TARA_6019290,ST 41,http://www.acupunctureresearch.org/tara/ontology/TARA_7315457,Jing-River Point,http://www.acupunctureresearch.org/tara/ontology/TARA_1787498,Shu Point
http://www.acupunctureresearch.org/tara/ontology/TARA_5717468,ST 25,http://www.acupunctureresearch.org/tara/ontology/TARA_1468221,Front-Mu Point of the Large Intestine,http://www.acupunctureresearch.org/tara/ontology/TARA_2614885,Special Point on the Head and Trunk
http://www.acupunctureresearch.org/tara/ontology/TARA_8440155,ST 44,http://www.acupunctureresearch.org/tara/ontology/TARA_9857829,Ying-Spring Point,http://www.acupunctureresearch.org/tara/ontology/TARA_1787498,Shu Point
http://www.acupunctureresearch.org/tara/ontology/TARA_8440155,ST 44,http://www.acupunctureresearch.org/tara/ontology/TARA_9857829,Ying-Spring Point,http://www.acupunctureresearch.org/tara/ontology/TARA_4943316,Special Point on the Limbs
http://www.acupunctureresearch.org/tara/ontology/TARA_5918799,ST 37,http://www.acupunctureresearch.org/tara/ontology/TARA_1717280,The Lower He-Sea Point of the Large Intestine,http://www.acupunctureresearch.org/tara/ontology/TARA_4830205,Lower He-Sea Point
http://www.acupunctureresearch.org/tara/ontology/TARA_5918799,ST 37,http://www.acupunctureresearch.org/tara/ontology/TARA_1717280,The Lower He-Sea Point of the Large Intestine,http://www.acupunctureresearch.org/tara/ontology/TARA_4943316,Special Point on the Limbs
http://www.acupunctureresearch.org/tara/ontology/TARA_5918799,ST 37,http://www.acupunctureresearch.org/tara/ontology/TARA_1717280,The Lower He-Sea Point of the Large Intestine,http://www.acupunctureresearch.org/tara/ontology/TARA_6594221,He-Sea Point
http://www.acupunctureresearch.org/tara/ontology/TARA_5717468,ST 25,http://www.acupunctureresearch.org/tara/ontology/TARA_1468221,Front-Mu Point of the Large Intestine,http://www.acupunctureresearch.org/tara/ontology/TARA_8746709,Front-Mu Point
http://www.acupunctureresearch.org/tara/ontology/TARA_5918799,ST 37,http://www.acupunctureresearch.org/tara/ontology/TARA_1717280,The Lower He-Sea Point of the Large Intestine,http://www.acupunctureresearch.org/tara/ontology/TARA_1787498,Shu Point
http://www.acupunctureresearch.org/tara/ontology/TARA_6728804,ST 39,http://www.acupunctureresearch.org/tara/ontology/TARA_6594221,He-Sea Point,http://www.acupunctureresearch.org/tara/ontology/TARA_4943316,Special Point on the Limbs
http://www.acupunctureresearch.org/tara/ontology/TARA_2260472,ST 45,http://www.acupunctureresearch.org/tara/ontology/TARA_2954517,Jing-Well Point,http://www.acupunctureresearch.org/tara/ontology/TARA_4943316,Special Point on the Limbs
http://www.acupunctureresearch.org/tara/ontology/TARA_6463344,ST 36,http://www.acupunctureresearch.org/tara/ontology/TARA_6594221,He-Sea Point,http://www.acupunctureresearch.org/tara/ontology/TARA_4943316,Special Point on the Limbs
http://www.acupunctureresearch.org/tara/ontology/TARA_2260472,ST 45,http://www.acupunctureresearch.org/tara/ontology/TARA_2954517,Jing-Well Point,http://www.acupunctureresearch.org/tara/ontology/TARA_1787498,Shu Point
http://www.acupunctureresearch.org/tara/ontology/TARA_7178938,ST 42,http://www.acupunctureresearch.org/tara/ontology/TARA_1840369,Yuan-Primary Point,http://www.acupunctureresearch.org/tara/ontology/TARA_4943316,Special Point on the Limbs
http://www.acupunctureresearch.org/tara/ontology/TARA_5918799,ST 37,http://www.acupunctureresearch.org/tara/ontology/TARA_6594221,He-Sea Point,http://www.acupunctureresearch.org/tara/ontology/TARA_1787498,Shu Point
http://www.acupunctureresearch.org/tara/ontology/TARA_6463344,ST 36,http://www.acupunctureresearch.org/tara/ontology/TARA_6594221,He-Sea Point,http://www.acupunctureresearch.org/tara/ontology/TARA_1787498,Shu Point
http://www.acupunctureresearch.org/tara/ontology/TARA_8773594,ST 34,http://www.acupunctureresearch.org/tara/ontology/TARA_4598552,Xi-Cleft Point,http://www.acupunctureresearch.org/tara/ontology/TARA_4943316,Special Point on the Limbs
http://www.acupunctureresearch.org/tara/ontology/TARA_5918799,ST 37,http://www.acupunctureresearch.org/tara/ontology/TARA_6594221,He-Sea Point,http://www.acupunctureresearch.org/tara/ontology/TARA_4943316,Special Point on the Limbs
http://www.acupunctureresearch.org/tara/ontology/TARA_6728804,ST 39,http://www.acupunctureresearch.org/tara/ontology/TARA_6594221,He-Sea Point,http://www.acupunctureresearch.org/tara/ontology/TARA_1787498,Shu Point
http://www.acupunctureresearch.org/tara/ontology/TARA_5918799,ST 37,http://www.acupunctureresearch.org/tara/ontology/TARA_4830205,Lower He-Sea Point,http://www.acupunctureresearch.org/tara/ontology/TARA_4943316,Special Point on the Limbs
http://www.acupunctureresearch.org/tara/ontology/TARA_5717468,ST 25,http://www.acupunctureresearch.org/tara/ontology/TARA_8746709,Front-Mu Point,http://www.acupunctureresearch.org/tara/ontology/TARA_2614885,Special Point on the Head and Trunk
http://www.acupunctureresearch.org/tara/ontology/TARA_6728804,ST 39,http://www.acupunctureresearch.org/tara/ontology/TARA_4830205,Lower He-Sea Point,http://www.acupunctureresearch.org/tara/ontology/TARA_6594221,He-Sea Point
http://www.acupunctureresearch.org/tara/ontology/TARA_7661549,ST 43,http://www.acupunctureresearch.org/tara/ontology/TARA_6705086,Shu-Stream Point,http://www.acupunctureresearch.org/tara/ontology/TARA_1787498,Shu Point
http://www.acupunctureresearch.org/tara/ontology/TARA_5918799,ST 37,http://www.acupunctureresearch.org/tara/ontology/TARA_4830205,Lower He-Sea Point,http://www.acupunctureresearch.org/tara/ontology/TARA_6594221,He-Sea Point
http://www.acupunctureresearch.org/tara/ontology/TARA_6728804,ST 39,http://www.acupunctureresearch.org/tara/ontology/TARA_4830205,Lower He-Sea Point,http://www.acupunctureresearch.org/tara/ontology/TARA_1787498,Shu Point
http://www.acupunctureresearch.org/tara/ontology/TARA_7661549,ST 43,http://www.acupunctureresearch.org/tara/ontology/TARA_6705086,Shu-Stream Point,http://www.acupunctureresearch.org/tara/ontology/TARA_4943316,Special Point on the Limbs
http://www.acupunctureresearch.org/tara/ontology/TARA_6019290,ST 41,http://www.acupunctureresearch.org/tara/ontology/TARA_7315457,Jing-River Point,http://www.acupunctureresearch.org/tara/ontology/TARA_4943316,Special Point on the Limbs
http://www.acupunctureresearch.org/tara/ontology/TARA_6728804,ST 39,http://www.acupunctureresearch.org/tara/ontology/TARA_7406349,The Lower He-Sea Point of the Small Intestine,http://www.acupunctureresearch.org/tara/ontology/TARA_4943316,Special Point on the Limbs
http://www.acupunctureresearch.org/tara/ontology/TARA_6728804,ST 39,http://www.acupunctureresearch.org/tara/ontology/TARA_7406349,The Lower He-Sea Point of the Small Intestine,http://www.acupunctureresearch.org/tara/ontology/TARA_6594221,He-Sea Point
http://www.acupunctureresearch.org/tara/ontology/TARA_6728804,ST 39,http://www.acupunctureresearch.org/tara/ontology/TARA_4830205,Lower He-Sea Point,http://www.acupunctureresearch.org/tara/ontology/TARA_4943316,Special Point on the Limbs
http://www.acupunctureresearch.org/tara/ontology/TARA_6728804,ST 39,http://www.acupunctureresearch.org/tara/ontology/TARA_7406349,The Lower He-Sea Point of the Small Intestine,http://www.acupunctureresearch.org/tara/ontology/TARA_1787498,Shu Point
http://www.acupunctureresearch.org/tara/ontology/TARA_8440155,ST 44,http://www.acupunctureresearch.org/tara/ontology/TARA_1787498,Shu Point,http://www.acupunctureresearch.org/tara/ontology/TARA_4943316,Special Point on the Limbs
http://www.acupunctureresearch.org/tara/ontology/TARA_5918799,ST 37,http://www.acupunctureresearch.org/tara/ontology/TARA_4830205,Lower He-Sea Point,http://www.acupunctureresearch.org/tara/ontology/TARA_1787498,Shu Point
http://www.acupunctureresearch.org/tara/ontology/TARA_6728804,ST 39,http://www.acupunctureresearch.org/tara/ontology/TARA_7406349,The Lower He-Sea Point of the Small Intestine,http://www.acupunctureresearch.org/tara/ontology/TARA_4830205,Lower He-Sea Point
http://www.acupunctureresearch.org/tara/ontology/TARA_1594912,TE 4,http://www.acupunctureresearch.org/tara/ontology/TARA_1840369,Yuan-Primary Point,http://www.acupunctureresearch.org/tara/ontology/TARA_4943316,Special Point on the Limbs
http://www.acupunctureresearch.org/tara/ontology/TARA_3369897,TE 1,http://www.acupunctureresearch.org/tara/ontology/TARA_2954517,Jing-Well Point,http://www.acupunctureresearch.org/tara/ontology/TARA_1787498,Shu Point
http://www.acupunctureresearch.org/tara/ontology/TARA_7510801,TE 6,http://www.acupunctureresearch.org/tara/ontology/TARA_1787498,Shu Point,http://www.acupunctureresearch.org/tara/ontology/TARA_4943316,Special Point on the Limbs
http://www.acupunctureresearch.org/tara/ontology/TARA_7896553,TE 2,http://www.acupunctureresearch.org/tara/ontology/TARA_1787498,Shu Point,http://www.acupunctureresearch.org/tara/ontology/TARA_4943316,Special Point on the Limbs
http://www.acupunctureresearch.org/tara/ontology/TARA_7517723,TE 10,http://www.acupunctureresearch.org/tara/ontology/TARA_6594221,He-Sea Point,http://www.acupunctureresearch.org/tara/ontology/TARA_4943316,Special Point on the Limbs
http://www.acupunctureresearch.org/tara/ontology/TARA_3369897,TE 1,http://www.acupunctureresearch.org/tara/ontology/TARA_2954517,Jing-Well Point,http://www.acupunctureresearch.org/tara/ontology/TARA_4943316,Special Point on the Limbs
http://www.acupunctureresearch.org/tara/ontology/TARA_5356503,TE 3,http://www.acupunctureresearch.org/tara/ontology/TARA_6705086,Shu-Stream Point,http://www.acupunctureresearch.org/tara/ontology/TARA_4943316,Special Point on the Limbs
http://www.acupunctureresearch.org/tara/ontology/TARA_7510801,TE 6,http://www.acupunctureresearch.org/tara/ontology/TARA_7315457,Jing-River Point,http://www.acupunctureresearch.org/tara/ontology/TARA_4943316,Special Point on the Limbs
http://www.acupunctureresearch.org/tara/ontology/TARA_7896553,TE 2,http://www.acupunctureresearch.org/tara/ontology/TARA_9857829,Ying-Spring Point,http://www.acupunctureresearch.org/tara/ontology/TARA_1787498,Shu Point
http://www.acupunctureresearch.org/tara/ontology/TARA_7896553,TE 2,http://www.acupunctureresearch.org/tara/ontology/TARA_9857829,Ying-Spring Point,http://www.acupunctureresearch.org/tara/ontology/TARA_4943316,Special Point on the Limbs
http://www.acupunctureresearch.org/tara/ontology/TARA_3369897,TE 1,http://www.acupunctureresearch.org/tara/ontology/TARA_1787498,Shu Point,http://www.acupunctureresearch.org/tara/ontology/TARA_4943316,Special Point on the Limbs
http://www.acupunctureresearch.org/tara/ontology/TARA_8393005,TE 5,http://www.acupunctureresearch.org/tara/ontology/TARA_9493899,Confluent Point,http://www.acupunctureresearch.org/tara/ontology/TARA_4943316,Special Point on the Limbs
http://www.acupunctureresearch.org/tara/ontology/TARA_5356503,TE 3,http://www.acupunctureresearch.org/tara/ontology/TARA_6705086,Shu-Stream Point,http://www.acupunctureresearch.org/tara/ontology/TARA_1787498,Shu Point
http://www.acupunctureresearch.org/tara/ontology/TARA_7517723,TE 10,http://www.acupunctureresearch.org/tara/ontology/TARA_6594221,He-Sea Point,http://www.acupunctureresearch.org/tara/ontology/TARA_1787498,Shu Point
http://www.acupunctureresearch.org/tara/ontology/TARA_3810639,TE 7,http://www.acupunctureresearch.org/tara/ontology/TARA_4598552,Xi-Cleft Point,http://www.acupunctureresearch.org/tara/ontology/TARA_4943316,Special Point on the Limbs
http://www.acupunctureresearch.org/tara/ontology/TARA_7517723,TE 10,http://www.acupunctureresearch.org/tara/ontology/TARA_1787498,Shu Point,http://www.acupunctureresearch.org/tara/ontology/TARA_4943316,Special Point on the Limbs
http://www.acupunctureresearch.org/tara/ontology/TARA_7510801,TE 6,http://www.acupunctureresearch.org/tara/ontology/TARA_7315457,Jing-River Point,http://www.acupunctureresearch.org/tara/ontology/TARA_1787498,Shu Point
http://www.acupunctureresearch.org/tara/ontology/TARA_8393005,TE 5,http://www.acupunctureresearch.org/tara/ontology/TARA_6993030,Luo-Connecting Point,http://www.acupunctureresearch.org/tara/ontology/TARA_4943316,Special Point on the Limbs
http://www.acupunctureresearch.org/tara/ontology/TARA_5356503,TE 3,http://www.acupunctureresearch.org/tara/ontology/TARA_1787498,Shu Point,http://www.acupunctureresearch.org/tara/ontology/TARA_4943316,Special Point on the Limbs